<?xml version="1.0" encoding="utf-8"?>
<install type="module" version="1.5.0">
	<name>Расписание</name>
	<!-- The following elements are optional and free of formatting conttraints -->
	<creationDate>Март 2009</creationDate>
	<author>Миронов</author>
	<authorEmail>teacher@aa-mir.ru</authorEmail>
	<authorUrl>http://aa-mir.ru</authorUrl>
	<copyright>All rights reserved</copyright>
	<license>GNU/GPL</license>
	<version>1.0.0</version>
	<description>Расписание занятий</description>
	<files>
        <filename module="mod_shedule">mod_shedule.php</filename>
        <filename>index.html</filename>
		<filename>ajax.php</filename>
		<filename>jquery-3.1.1.min.js</filename>
		<filename>shedule.js</filename>
    </files>
</install>
